status,train_rows,test_rows,positive_rate_train,positive_rate_test,accuracy,precision,recall,f1,roc_auc,average_precision,classification_report,confusion_matrix
completed,367798,122600,0.04964137923534114,0.04964110929853181,0.943931484502447,0.46823605288616577,0.954321393361814,0.6282314764737696,0.9845928180394767,0.7450579356402273,"{""0"": {""precision"": 0.9974772224037171, ""recall"": 0.9433887773143141, ""f1-score"": 0.9696793260112038, ""support"": 116514.0}, ""1"": {""precision"": 0.46823605288616577, ""recall"": 0.954321393361814, ""f1-score"": 0.6282314764737696, ""support"": 6086.0}, ""accuracy"": 0.943931484502447, ""macro avg"": {""precision"": 0.7328566376449415, ""recall"": 0.9488550853380641, ""f1-score"": 0.7989554012424867, ""support"": 122600.0}, ""weighted avg"": {""precision"": 0.9712051036624135, ""recall"": 0.943931484502447, ""f1-score"": 0.9527294759925673, ""support"": 122600.0}}","[[109918, 6596], [278, 5808]]"
