step,sessions,share_of_all_sessions,step_conversion_rate,step_dropoff_rate
Sessions,490398,1.0,1.0,0.0
Product discovery,490398,1.0,1.0,0.0
Product detail,488360,0.9958441918604888,0.9958441918604888,0.004155808139511219
Add to cart,41270,0.08415613440511585,0.08450733065771153,0.9154926693422885
Begin checkout,41270,0.08415613440511585,1.0,0.0
Purchase,24344,0.04964131175086359,0.5898715774170099,0.4101284225829901
